{"000001.jpg": {"area": 19227, "perimeter": 2.414213562373095, "eccentricity": 0.500353500091377}, "000001-1.jpg": {"area": 15909, "perimeter": 0.0, "eccentricity": 0.32352984892664266}, "000001-2.jpg": {"area": 18850, "perimeter": 0.0, "eccentricity": 0.4887906844212994}, "000001-4.jpg": {"area": 17376, "perimeter": 0.0, "eccentricity": 0.4461202758474237}, "000001-6.jpg": {"area": 22593, "perimeter": 2.621320343559643, "eccentricity": 0.4218127199999549}, "000001-8.jpg": {"area": 26064, "perimeter": 2.414213562373095, "eccentricity": 0.6197095333134953}, "000001-9-a.jpg": {"area": 19441, "perimeter": 0.0, "eccentricity": 0.397173322100472}, "000001-10.jpg": {"area": 16988, "perimeter": 0.0, "eccentricity": 0.5197712876605594}, "000001-19.jpg": {"area": 12998, "perimeter": 2.621320343559643, "eccentricity": 0.2972433742298113}, "1.CXRCTThoraximagesofCOVID-19fromSingapore.pdf-000-fig1b.png": {"area": 33536, "perimeter": 0.0, "eccentricity": 0.4974013133584679}, "1.CXRCTThoraximagesofCOVID-19fromSingapore.pdf-002-fig3a.png": {"area": 22459, "perimeter": 0.0, "eccentricity": 0.361846932566998}, "1.CXRCTThoraximagesofCOVID-19fromSingapore.pdf-003-fig4b.png": {"area": 26894, "perimeter": 1.4142135623730951, "eccentricity": 0.42373560132873583}, "1-s2.0-S0378603X1500248X-gr2b.jpg": {"area": 13716, "perimeter": 2.0, "eccentricity": 0.35616877637002414}, "1-s2.0-S0378603X1500248X-gr3b.jpg": {"area": 16678, "perimeter": 0.0, "eccentricity": 0.38083389084467434}, "1-s2.0-S0085253820303616-gr1_lrg-a.png": {"area": 10367, "perimeter": 1.0, "eccentricity": 0.29675479074350936}, "1-s2.0-S0929664620300449-gr2_lrg-c.jpg": {"area": 12691, "perimeter": 0.0, "eccentricity": 0.4195806199501107}, "1-s2.0-S1059131120301151-gr2-e.png": {"area": 11481, "perimeter": 0.0, "eccentricity": 0.4192262522986645}, "1-s2.0-S1684118220300608-main.pdf-001.jpg": {"area": 26495, "perimeter": 0.0, "eccentricity": 0.5807996537068737}, "1-s2.0-S1684118220300682-main.pdf-003-b1.png": {"area": 13024, "perimeter": 0.0, "eccentricity": 0.34326640472298503}, "1-s2.0-S1931312820301852-gr1_lrg-c.png": {"area": 22860, "perimeter": 2.0, "eccentricity": 0.6157250045189724}, "1-s2.0-S2214250920300706-gr2_lrg.jpg": {"area": 10056, "perimeter": 0.0, "eccentricity": 0.29361297014473287}, "1-s2.0-S2214250920300834-gr1_lrg-c.png": {"area": 19177, "perimeter": 6.82842712474619, "eccentricity": 0.47686655236207415}, "1-s2.0-S2387020620301959-gr3_lrg-a.png": {"area": 19641, "perimeter": 3.414213562373095, "eccentricity": 0.4722703401796881}, "1-s2.0-S2387020620301959-gr4_lrg-b.png": {"area": 22874, "perimeter": 5.414213562373095, "eccentricity": 0.5027191795741411}, "2C26F453-AF3B-4517-BB9E-802CF2179543.jpeg": {"area": 11155, "perimeter": 1.2071067811865475, "eccentricity": 0.4022491298532708}}